US	VI	KEY
%s: Ins. %d	%s: Insert %d	%s: Ins. %d
Application Type	Loại ứng dụng	Application Type
Audio - Assets	Audio - Tài nguyên	Audio - Assets
Audio - Properties	Audio - Thuộc tính	Audio - Properties
Auto	Tự động	Auto
Auto LFO	LFO tự động	Auto LFO
AutoQ	Auto Quantize	AutoQ[RM]
B-Format %d channels	B-Format %d Channel	B-Format %d channels
BWF Coding History	Lịch sử mã hóa BWF	BWF Coding History
BWF Description	Mô tả BWF	BWF Description
BWF Loudness Range	Vùng BWF Loudness	BWF Loudness Range
BWF Loudness Value	Giá trị BWF Loudness	BWF Loudness Value
BWF Max. Momentary Loudness	Loudness Momentary tối đa của BWF	BWF Max Momentary Loudness
BWF Max. Short-term Loudness	Loudness Short-term tối đa của BWF	BWF Max Short-term Loudness
BWF Origin Reference	Tham chiếu nguồn gốc BWF	BWF Origin Reference
Baroque (3/5 adaptive)	Baroque (3/5 thích ứng)	Baroque (3/5 adaptive)
CD Set Name	Tên CD Set	CD Set Name
CD Track Number	Số CD Track	CD Track Number
Category Post	Danh mục Post	Category Post
Compression Factor	Hệ số Compression	Compression Factor
Content Summary	Tóm tắt Content	Content Summary
Copyright	Bản quyền	Copyright
Date Created	Ngày tạo	Date Created
Date Modified	Ngày sửa	Date Modified
Display Height	Chiều cao hiển thị	Display Height
Display Width	Chiều rộng hiển thị	Display Width
False Start	Bắt đầu False	False Start
File Size	Kích thước File	File Size
Frame Count	Số Frame	Frame Count
Height	Chiều cao	Height
Idle	Nghỉ	Idle
Image Height	Chiều cao hình ảnh	Image Height
Image Width	Chiều rộng hình ảnh	Image Width
Info/Solo	Thông tin/Solo	Info/Solo
Local Loop	Loop Local	Local Loop
Loure	Louré	Loure
MediaType	Loại Media	MediaType
Multi	Bội	Multi
PPrb	Poly Pressure	PPrb
Pending Tags	Tag đang chờ	Pending Tags
Place-holder	Chỗ điền	Place-holder
Place-holder text.	Văn bản điền vào.	Place-holder text.
PolyPress	Poly Pressure	PolyPress
PrgChange	Program Change	PrgChange
Production	Sản xuất	Production
Program Name	Tên Program	Program Name
Program Version	Version Program	Program Version
RF64 File Format	Định dạng file RF64	RF64 File Format
Rating	Đánh giá	Rating
Realtime	Thời gian thực	Realtime
Record Date	Ngày ghi	Record Date
Release Date	Ngày phát hành	Release Date
Score Direction	Chỉ dẫn trong Score	Score Direction
Score Dynamic	Dynamic trong Score	Score Dynamic
Skins	Skin	Skins
Smart Sw	Công tắc thông minh	Smart Sw
Standard	Tiêu chuẩn	Standard
Streams	Audio Stream	Streams
Studio Manager	Trình quản lý Studio	Studio Manager
Syncpoint	Điểm đồng bộ	Syncpoint
Syst. Link	System Link	Syst. Link
Temp	Tạm thời	Temp
Track Versions	Các Track Version	Track Versions
Track Versions	Các Track Version	TrackVersions
Unique ID	ID duy nhất	Unique ID
VST Performance	VST Hiệu năng	VST Performance
Write Protection	Bảo vệ ghi	Write Protection
Yamaha Category Name	Tên danh mục Yamaha	Yamaha Category Name
Yamaha Category Status	Trạng thái danh mục Yamaha	Yamaha Category Status
Yamaha Channel Status	Trạng thái Yamaha Channel	Yamaha Channel Status
Yamaha Desktop Picture	Hình nền Desktop Yamaha	Yamaha Desktop Picture
Yamaha Fingering Number	Số ngón Yamaha	Yamaha Fingering Number
Yamaha Function Status	Trạng thái chức năng Yamaha	Yamaha Function Status
Yamaha Guitar Info Flag	Cờ thông tin Guitar Yamaha	Yamaha Guitar Info Flag
Yamaha Guitar Track	Track Guitar Yamaha	Yamaha Guitar Track
Yamaha Guitar Voicing	Voicing Guitar Yamaha	Yamaha Guitar Voicing
Yamaha Level 8 Mark	Dấu Level 8 Yamaha	Yamaha Level 8 Mark
Yamaha Media Sync	Đồng bộ Media Yamaha	Yamaha Media Sync
Yamaha Phrase Mark	Dấu phân câu Yamaha	Yamaha Phrase Mark
Yamaha XF Version ID	ID phiên bản Yamaha XF	Yamaha XF Version ID
cues	Cue	cues
gliss.	Glissando	gliss.
hardware	Phần cứng	hardware
port.	Cổng	port.
test	Kiểm tra	test
